aajisaka,66854809,5
aajisaka,70255755,4
aajisaka,73633757,1
aajisaka,73637409,3
aajisaka,75965105,2
aajisaka,75969397,1
aajisaka,89071914,1
aajisaka,89071920,5
aajisaka,100827883,2
aajisaka,103090924,10
adoroszlai,73639478,1
adoroszlai,85476774,1
adoroszlai,93325864,1
adoroszlai,103089150,1
adoroszlai,130028528,1
ajayydv,75956973,7
ajayydv,94798264,1
ajayydv,97551188,4
andrew.wang,66852646,25
andrew.wang,66852920,26
anonymous,110692807,1
anonymous,110692808,1
anonymous,110692934,1
anonymous,110692935,1
anonymous,110692936,1
anonymous,110692937,1
anonymous,110692939,1
anonymous,110692940,1
anu,73637259,1
anu,73639464,8
anu,73639478,6
anu,85476774,3
anu,87295939,1
anu,94798264,21
anu,94798323,28
anu,97551188,8
anu,100827926,1
anu,103089216,1
anu,110692807,9
anu,110692808,9
anu,110692819,8
anu,110692934,10
anu,110692935,18
anu,110692936,5
anu,110692937,3
anu,110692939,4
anu,110692940,3
anu,115509269,2
anu,118168849,4
anu,118168850,2
anu,118168856,3
anu,118172375,5
anu,120721972,2
anu,120724093,4
anu,120729083,3
anu,120739031,2
anu,122915797,3
anu,123898945,6
anu,125308109,1
anu,125309350,2
anu,126684273,3
anu,128652352,1
anu,130027247,2
anu,130028594,1
anu,132320343,2
anu,132321380,1
arp,65866089,4
arp,70255755,3
arp,73639464,16
arp,73639474,2
arp,73639478,13
arp,73639481,32
arp,80446904,7
arp,85476774,13
arp,87295939,2
arp,89071892,6
arp,89071895,1
arp,89071914,4
arp,89071920,4
arp,93325864,4
arp,93325870,5
arp,110692934,1
arp,110692940,1
asuresh,65866089,1
asuresh,73637259,6
asuresh,73637409,4
bharatv,85476774,6
brahmareddy.battula,75965105,1
bviswanadham,85476774,1
cdouglas,73637259,1
cdouglas,75965105,7
elek,65866089,1
elek,73633757,8
elek,73637259,10
elek,73639464,6
elek,73639474,4
elek,73639478,2
elek,73639481,1
elek,87295939,1
elek,89071914,2
elek,93324528,4
elek,93325864,1
elek,94798264,1
elek,94798323,7
elek,97551188,4
elek,100827926,4
elek,103088227,2
elek,103089150,5
elek,103089153,1
elek,103092284,2
elek,103092445,4
elek,103093272,4
elek,103097898,2
elek,110692935,2
elek,110693835,7
elek,113709054,4
elek,113709056,2
elek,113709058,2
elek,113709076,2
elek,115511973,2
elek,115529067,1
elek,118172375,5
elek,120721972,1
elek,127405318,1
elek,127405674,1
elek,130028528,2
elek,132320559,1
eyang,85476774,5
eyang,110692934,2
eyang,110692940,1
fabbri,73630377,1
fabbri,73630383,2
fabbri,100829292,2
gadreonline,73639464,1
gadreonline,113708115,1
jhung,73637259,2
jitendra,93325864,1
junping_du,65866089,3
junping_du,66854809,68
junping_du,68721069,4
kkaranasos,73637259,1
lei,75969397,8
nanda,94798264,1
nanda,97551188,1
nandakumar131,73639464,1
nandakumar131,73639474,1
nandakumar131,80446904,1
nandakumar131,97551188,2
pono,65866089,1
rohithsharmaks,73637259,2
sammichen,73637409,1
subru,73637259,13
subru,73637409,2
sumasai,85472630,16
sunilg,73637259,9
sunilg,103090602,2
sunilg,118164784,3
sunilg,118164793,1
swagle,110692940,4
tasanuma,70255755,1
vivekratnavel,103097898,3
vrushali,73637259,2
wangda,73637259,7
wangda,103090602,3
wangda,127405312,2
wangda,127405316,1
wangda,127405318,8
weichiu,103090602,1
xkrogen,75965105,1
xkrogen,89071892,1
xyao,73639464,2
xyao,73639474,2
xyao,85476774,1
xyao,94798323,1
ztang,73637259,2
ztang,103090602,4
